,pmax,pmin,pavg,smax,smin,savg
0,25.8631,24.1309,25.023525,44.6444,42.3973,43.43745
