,pmax,pmin,pavg,smax,smin,savg
0,17.2898,15.8904,16.61435,29.9129,27.4631,28.748850000000004
