,pmax,pmin,pavg,smax,smin,savg
0,24.5688,22.8464,23.704725,42.4105,40.15,41.153099999999995
