,pmax,pmin,pavg,smax,smin,savg
0,15.2596,13.4787,14.382075,23.357,23.2829,23.31995
