,pmax,pmin,pavg,smax,smin,savg
0,28.0039,25.6913,26.898675,48.3399,45.2039,46.70895
